{
  "model_type": "lightweight_logistic_regression",
  "feature_names": [
    "url_length",
    "hostname_length",
    "path_length",
    "query_length",
    "dot_count",
    "hyphen_count",
    "digit_count",
    "subdomain_count",
    "uses_https",
    "has_ip_host",
    "has_at_symbol",
    "has_punycode",
    "has_suspicious_keyword",
    "entropy"
  ],
  "weights": [
    1.0157770848072982,
    0.7901207658072829,
    0.7625667858726063,
    0.0,
    0.012916945598154265,
    1.3108222401207499,
    0.6216986563918733,
    0.012916945598154265,
    -1.7238502567417615,
    0.5593687590228986,
    0.0,
    0.4969114819875863,
    0.5586940354280556,
    1.1617436362394284
  ],
  "bias": -0.09262948249447824,
  "means": [
    35.85,
    21.85,
    6.5,
    0.0,
    2.0,
    1.05,
    1.0,
    1.0,
    0.5,
    0.1,
    0.0,
    0.05,
    0.75,
    4.0872399999999995
  ],
  "stds": [
    9.93617129481975,
    10.120647212505729,
    3.8794329482541645,
    1.0,
    0.5477225575051661,
    1.1608186766243898,
    2.5495097567963922,
    0.5477225575051661,
    0.5,
    0.30000000000000004,
    1.0,
    0.21794494717703364,
    0.4330127018922193,
    0.21901867363309457
  ],
  "training_rows": 20,
  "training_accuracy": 1.0
}